{"cameraMode":{"drawMode":0,"name":"Shaded","section":"Shading Mode"},"sceneLighting":false,"audioPlay":false,"sceneViewState":{"showFog":true,"showMaterialUpdate":false,"showSkybox":true,"showFlares":true,"showImageEffects":true,"showParticleSystems":true},"in2DMode":false,"pivot":{"x":-5.190970420837402,"y":-0.5628856420516968,"z":6.276904582977295},"rotation":{"x":-0.001398246269673109,"y":0.9891801476478577,"z":-0.14646565914154054,"w":-0.009499592706561089},"size":39.65081024169922,"orthographic":false}