{"cameraMode":{"drawMode":0,"name":"Shaded","section":"Shading Mode"},"sceneLighting":true,"audioPlay":false,"sceneViewState":{"showFog":true,"showMaterialUpdate":false,"showSkybox":true,"showFlares":true,"showImageEffects":true,"showParticleSystems":true},"in2DMode":false,"pivot":{"x":7.45118522644043,"y":-0.24090726673603059,"z":-1.2557616233825684},"rotation":{"x":0.11178285628557205,"y":0.2860921323299408,"z":-0.033627141267061236,"w":0.9510717391967773},"size":73.8897476196289,"orthographic":false}